title,score,cleaned_text,vader_sentiment,textblob_sentiment
"Daily Crypto Discussion - March 9, 2025 (GMT+0)",29,daily crypto discussion march 9 2025 gmt0,0,0
"Daily Crypto Discussion - March 10, 2025 (GMT+0)",13,daily crypto discussion march 10 2025 gmt0,0,0
Bitcoin Price (BTC) Falls to $80K,417,bitcoin price btc falls to 80k,0,0
A never-ending story,359,a neverending story,0,0
Bitcoin (BTC) This Week - Hide The Pain,390,bitcoin btc this week hide the pain,-0.6124,0
"Last bullrun, we had a mid-bullrun dip of 55% from $64K to $29K. During peak fear in the space as China, which had the most miners, outlawed mining. Then 4 months from the bottom, we rallied to a new $69K ATH.",439,last bullrun we had a midbullrun dip of 55 from 64k to 29k during peak fear in the space as china which had the most miners outlawed mining then 4 months from the bottom we rallied to a new 69k ath,-0.4939,0.212121212
All the leveraged people about to get wiped out.,667,all the leveraged people about to get wiped out,0,0
CZ urges Elon Musk to ban bots on the X social media platform,169,cz urges elon musk to ban bots on the x social media platform,-0.5574,0.033333333
My whole timeline is full of bears.,304,my whole timeline is full of bears,0,0.275
Anyone else giving up on this cycle and just ignoring stuff until next run?,189,anyone else giving up on this cycle and just ignoring stuff until next run,-0.0772,0
"Bitcoin still seeing selling pressure, under US$81K | Forexlive",56,bitcoin still seeing selling pressure under us81k forexlive,-0.296,0
"Dump Memecoins, Back Real Crypto Projects!",78,dump memecoins back real crypto projects,-0.3818,0.1
"Dogecoin Falls to 4-Month Low Price as Bitcoin, XRP and Cardano Sink",236,dogecoin falls to 4month low price as bitcoin xrp and cardano sink,-0.2732,0
Trump does not understand Bitcoin,3289,trump does not understand bitcoin,0,0
North Korean hackers cash out hundreds of millions from $1.5bn ByBit hack,30,north korean hackers cash out hundreds of millions from 15bn bybit hack,0,0
Michael Saylor pushes US gov‚Äôt to purchase up to 25% of Bitcoin supply,533,michael saylor pushes us govt to purchase up to 25 of bitcoin supply,0,0
S&P 500 Beats Bitcoin Returns?,43,sp 500 beats bitcoin returns,0,0
How North Korea Launders Billions in Stolen Crypto,16,how north korea launders billions in stolen crypto,-0.4939,0
Tether CEO - ‚ÄúWe‚Äôve never been shady‚Äù,38,tether ceo weve never been shady,0,-0.25
"Bull Cycle Climax Ahead? BTC Dominance Topping Out, ETH at a Macro Low, and Altseason Starting April 2025",15,bull cycle climax ahead btc dominance topping out eth at a macro low and altseason starting april 2025,-0.0772,0
Ripple Co-founder‚Äôs $150M XRP Heist Related to LastPass Hack: ZachXBT,15,ripple cofounders 150m xrp heist related to lastpass hack zachxbt,0,0
WSJ - Sam Altman‚Äôs Other Startup (Worldcoin) Is Building an App to Compete With Elon Musk‚Äôs X,8,wsj sam altmans other startup worldcoin is building an app to compete with elon musks x,0,-0.125
"XRP, Solana, Cardano's ADA Prices Drop as White House Backpedals on Trump's Crypto Reserve Plan",773,xrp solana cardanos ada prices drop as white house backpedals on trumps crypto reserve plan,-0.2732,0
David Sacks says the US may have lost over $16 billion in early liquidation of bitcoins,324,david sacks says the us may have lost over 16 billion in early liquidation of bitcoins,-0.3182,0.1
Anyone here has experienced 2020 crash?,8,anyone here has experienced 2020 crash,-0.4019,0.8
"NC lawmakers reverse themselves, move ahead with bill to invest State Pension Plan in cryptocurrency",21,nc lawmakers reverse themselves move ahead with bill to invest state pension plan in cryptocurrency,0,0
Red alert for Ethereum as spot ETFs shed $455m in recent weeks,72,red alert for ethereum as spot etfs shed 455m in recent weeks,0.296,0
Texas Senate Approves Landmark Bitcoin Reserve Bill,31,texas senate approves landmark bitcoin reserve bill,0.4588,0
"Over 135,000 Traders Liquidated Amid Market Volatility and Exchange Losses",21,over 135000 traders liquidated amid market volatility and exchange losses,-0.4019,0
1inch Recovers Majority of $5 Million Stolen Funds After Hacker Negotiation,31,1inch recovers majority of 5 million stolen funds after hacker negotiation,-0.4939,0
Ethereum‚Äôs Pectra Upgrade Successfully Activates on Sepolia Testnet,29,ethereums pectra upgrade successfully activates on sepolia testnet,0.4939,0.75
Crypto Whale Faces Liquidation of 5472.8 ETH on Compound as Prices Near $1863,16,crypto whale faces liquidation of 54728 eth on compound as prices near 1863,0,0.1
Bitcoin ETFs Face $4.5 Billion in Outflows Amid Market Instability,25,bitcoin etfs face 45 billion in outflows amid market instability,0,0
I'm convinced she's alive: Where is OneCoin's Ruja Ignatova,55,im convinced shes alive where is onecoins ruja ignatova,0.6486,0.1
US Treasury Sanctions 49 Crypto Addresses Tied to Nemesis Darknet Market,8,us treasury sanctions 49 crypto addresses tied to nemesis darknet market,0.2023,0
Crypto continues to remain a store of value for hopes and dreams,8,crypto continues to remain a store of value for hopes and dreams,0.7845,0
Words of wisdom from Self-help Singh,4,words of wisdom from selfhelp singh,0.5267,0
Polymarket Stalls on BTC Reserve Market Despite Trump‚Äôs Executive Order,8,polymarket stalls on btc reserve market despite trumps executive order,0,0
Bitcoin reserve backlash signals unrealistic industry expectations,14,bitcoin reserve backlash signals unrealistic industry expectations,0,-0.5
"El Salvador acquired over 13 BTC since March 1, despite IMF deal",191,el salvador acquired over 13 btc since march 1 despite imf deal,0,0
This Malicious PyPI Package Stole Ethereum Private Keys via Polygon RPC Transactions,52,this malicious pypi package stole ethereum private keys via polygon rpc transactions,0,0
Binance announces community voting mechanism for token listings,1,binance announces community voting mechanism for token listings,0,0
Nigeria secures $60 million from the US as part of Binance executive‚Äôs release terms,6,nigeria secures 60 million from the us as part of binance executives release terms,0.3182,0
U.S. crypto firms‚Äô push for deregulation and political contributions raises ‚Äòred flags‚Äô: Report,147,us crypto firms push for deregulation and political contributions raises red flags report,0,0
Saylor' greed turns Bitcoin into Wall St lapdog,331,saylor greed turns bitcoin into wall st lapdog,-0.4019,0
"‚ú® 12 years ago today, the media mistakenly claimed this man was Satoshi Nakamoto. They harassed him until he became one of Bitcoin's greatest memes",723,12 years ago today the media mistakenly claimed this man was satoshi nakamoto they harassed him until he became one of bitcoins greatest memes,-0.128,1
How do whales sell off hundreds of millions worth of coins  at once?,254,how do whales sell off hundreds of millions worth of coins at once,0.2263,0.3
JD Vance has up to $250K in Bitcoin. JD Vance net worth and stock portfolio:,333,jd vance has up to 250k in bitcoin jd vance net worth and stock portfolio,0.2263,0.15
Im confused how cryptocurrency market works‚Ä¶,2,im confused how cryptocurrency market works,-0.3182,-0.4
How is everyone doing their crypto taxes? I‚Äôve tried to do it through coin tracker and it‚Äôs so inaccurate.,0,how is everyone doing their crypto taxes ive tried to do it through coin tracker and its so inaccurate,0,0
"A DAO Experiment in Real Coordination, Not Speculation",1,a dao experiment in real coordination not speculation,0,0.2
Crypto Exchange Gemini Quietly Files for IPO With Goldman Sachs and Citigroup: Report - The Daily Hodl,2,crypto exchange gemini quietly files for ipo with goldman sachs and citigroup report the daily hodl,0,0
Bukele's is facing another blow to his crypto dreams: Chivo Pets shut downs.,31,bukeles is facing another blow to his crypto dreams chivo pets shut downs,0.4019,0
Binance empowers users with vote-driven token listings and delistings,17,binance empowers users with votedriven token listings and delistings,0,0
What happens when a completely legitimate business is paid in stolen crypto and stablecoins?,35,what happens when a completely legitimate business is paid in stolen crypto and stablecoins,-0.4939,0.1
Michael Saylor‚Äôs Body Language Says It All During Crypto Summit,1107,michael saylors body language says it all during crypto summit,0,0
Good VPS Hosting that accepts XMR? No kyc is very ideal,32,good vps hosting that accepts xmr no kyc is very ideal,0.7713,0.85
Is Crypto a Tool for the Oligarch Takeover of the USA?,2,is crypto a tool for the oligarch takeover of the usa,0,0
Argentine Prosecutor Investigates President Milei and the LIBRA Scandal,23,argentine prosecutor investigates president milei and the libra scandal,-0.4404,0
FIFA President Gianni Infantino Pitches A FIFA Coin During White House Digital Assets Summit,129,fifa president gianni infantino pitches a fifa coin during white house digital assets summit,0.1779,0
SBF sent to solitary confinement over Tucker Carlson interview: Report,158,sbf sent to solitary confinement over tucker carlson interview report,0,0
What‚Äôs left,961,whats left,0,0
"5 years ago today, the world's worst bandits broke into this Bitcoin ATM and left empty-handed. They were trying to ""get the coins out"" üíÄ",3560,5 years ago today the worlds worst bandits broke into this bitcoin atm and left emptyhanded they were trying to get the coins out,-0.7845,-0.5
Inside El Salvador's Bitcoin Experiment ‚Äî 4 Years Later,0,inside el salvadors bitcoin experiment 4 years later,0,0
The crypto summit yesterday,50,the crypto summit yesterday,0,0
"Arkham adds tag for X users with over 100,000 followers to track 'key opinion leaders' in crypto",5,arkham adds tag for x users with over 100000 followers to track key opinion leaders in crypto,0,0
"Sam Bankman-Fried Lobbying For A Pardon. Also Says Diddy Has Been ""Kind"" To Him In Prison.",288,sam bankmanfried lobbying for a pardon also says diddy has been kind to him in prison,0.2732,0.6
The Impact of Strategic Reserve (Vol. 2)..,13,the impact of strategic reserve vol 2,0,0
The Impact of Strategic Reserve (Vol. 3)...,0,the impact of strategic reserve vol 3,0,0
"US Banks can now be validators on public networks, hold crypto for customers, and hold stables",245,us banks can now be validators on public networks hold crypto for customers and hold stables,0,0
"India‚Äôs new IT bill 2025 will soon allow the govt to snoop on emails, social media, and even trading accounts! üëÄüö®",35,indias new it bill 2025 will soon allow the govt to snoop on emails social media and even trading accounts,0.2263,0.084848485
So many people are completely missing the point of the crypto summit,57,so many people are completely missing the point of the crypto summit,-0.3597,0.15
Tax help,6,tax help,0.4019,0
New Bitcoin Proposal: Unlocking Dust UTXOs as Miner Transaction Fees,10,new bitcoin proposal unlocking dust utxos as miner transaction fees,0,0.136363636
"Trump's bitcoin reserve executive order hailed as 'huge moment' by some, dismissed as 'pig in lipstick' by others",852,trumps bitcoin reserve executive order hailed as huge moment by some dismissed as pig in lipstick by others,0.4939,0.4
Then and now: I decided to remaster this old comic I posted in r/cryptocurrency back in 2017. It is called 'First mover advantage'.,72,then and now i decided to remaster this old comic i posted in rcryptocurrency back in 2017 it is called first mover advantage,0.25,0.15
UAE Subsidiary of government owned bank Emirates NBD launches crypto offering,16,uae subsidiary of government owned bank emirates nbd launches crypto offering,0.3182,0
Bitcoin price and active wallet count does not correlate anymore,4,bitcoin price and active wallet count does not correlate anymore,0.4019,-0.133333333
Crypto is Taking Over Sports ‚Äî Here‚Äôs Why It‚Äôs Just the Beginning,0,crypto is taking over sports heres why its just the beginning,0,0
What was the point of the crypto summit?,258,what was the point of the crypto summit,0,0
Lawmaker Reintroduces Anti-CBDC Surveillance State Act to Block Digital Dollar,11,lawmaker reintroduces anticbdc surveillance state act to block digital dollar,-0.4404,0
Crypto Exchange Kraken is Mulling IPO in 2026: Bloomberg,45,crypto exchange kraken is mulling ipo in 2026 bloomberg,0,0
New York Proposes Legislation to Shield Crypto Investors from Memecoin Scams,20,new york proposes legislation to shield crypto investors from memecoin scams,-0.5859,0.136363636
Thoughts on the Crypto Summit held in the White House,180,thoughts on the crypto summit held in the white house,0,0
"crypto.com believes their Community are Idiots: We need ""liquidity for ETFs"", so we're going to inflate our supply so that it's 500X higher than the supply of Bitcoin, we're totally not dumping on you or anything we need $5B-USD more in tokens that there is ""more liquidity""",238,cryptocom believes their community are idiots we need liquidity for etfs so were going to inflate our supply so that its 500x higher than the supply of bitcoin were totally not dumping on you or anything we need 5busd more in tokens that there is more liquidity,0.305,0.09
Former Georgian PM‚Äôs aide flees country after Bitcoin embezzlement allegations,5,former georgian pms aide flees country after bitcoin embezzlement allegations,-0.1779,0
"That moment when, the US says they're not buying BTC for their Strategic Federal Reserve and the market crashes.",6183,that moment when the us says theyre not buying btc for their strategic federal reserve and the market crashes,0,0
"US Could Sell Gold, Tap Treasury Funds to Build Bitcoin Reserve: Standard Chartered",0,us could sell gold tap treasury funds to build bitcoin reserve standard chartered,0.2023,0
US Bitcoin reserve prompts $370 million in ETF outflows: Farside,29,us bitcoin reserve prompts 370 million in etf outflows farside,0,0
How Bitcoin Started - How Bitcoin Is Going,137,how bitcoin started how bitcoin is going,0,0
US regulator OCC  reaffirms banks can engage in Bitcoin & crypto services like asset custody,76,us regulator occ reaffirms banks can engage in bitcoin crypto services like asset custody,0.7506,0
U.S. Government accumulated now over $18 Billion in Crypto,232,us government accumulated now over 18 billion in crypto,0,0
White House Crypto Summit Bearable Guy Riddle,0,white house crypto summit bearable guy riddle,0,0
"US Treasury Chief: seized crypto assets would go into the reserve first ""then we'll see what the way forward is for more acquisitions""",245,us treasury chief seized crypto assets would go into the reserve first then well see what the way forward is for more acquisitions,0.5574,0.375
WhiteRock leverages XRPL integration to boost speed and reliability,158,whiterock leverages xrpl integration to boost speed and reliability,0.4019,0
Ethereum Whales Accumulate Millions of Tokens: ETH Price Surge on the Way?,177,ethereum whales accumulate millions of tokens eth price surge on the way,0,0
Let's Reboots crypto,140,lets reboots crypto,0,0
"Daily Crypto Discussion - March 8, 2025 (GMT+0)",28,daily crypto discussion march 8 2025 gmt0,0,0
SBF's Crisis Manager Resigns After Surprise Jailhouse Interview,39,sbfs crisis manager resigns after surprise jailhouse interview,-0.6486,0
"White House Has a Specific Fund for Bitcoin and Another For XRP, SOL and ADA",95,white house has a specific fund for bitcoin and another for xrp sol and ada,0,0
