title,score,cleaned_text
"AMA with Adin from Kalshi, The First Legal Prediction Market in America",10,ama with adin from kalshi the first legal prediction market in america
"Daily Crypto Discussion - March 9, 2025 (GMT+0)",18,daily crypto discussion march 9 2025 gmt0
Trump does not understand Bitcoin,2330,trump does not understand bitcoin
Michael Saylor pushes US govâ€™t to purchase up to 25% of Bitcoin supply,142,michael saylor pushes us govt to purchase up to 25 of bitcoin supply
"XRP, Solana, Cardano's ADA Prices Drop as White House Backpedals on Trump's Crypto Reserve Plan",517,xrp solana cardanos ada prices drop as white house backpedals on trumps crypto reserve plan
David Sacks says the US may have lost over $16 billion in early liquidation of bitcoins,188,david sacks says the us may have lost over 16 billion in early liquidation of bitcoins
"El Salvador acquired over 13 BTC since March 1, despite IMF deal",171,el salvador acquired over 13 btc since march 1 despite imf deal
U.S. crypto firmsâ€™ push for deregulation and political contributions raises â€˜red flagsâ€™: Report,139,us crypto firms push for deregulation and political contributions raises red flags report
This Malicious PyPI Package Stole Ethereum Private Keys via Polygon RPC Transactions,39,this malicious pypi package stole ethereum private keys via polygon rpc transactions
Saylor' greed turns Bitcoin into Wall St lapdog,304,saylor greed turns bitcoin into wall st lapdog
"âœ¨ 12 years ago today, the media mistakenly claimed this man was Satoshi Nakamoto. They harassed him until he became one of Bitcoin's greatest memes",653,12 years ago today the media mistakenly claimed this man was satoshi nakamoto they harassed him until he became one of bitcoins greatest memes
How do whales sell off hundreds of millions worth of coins  at once?,221,how do whales sell off hundreds of millions worth of coins at once
JD Vance has up to $250K in Bitcoin. JD Vance net worth and stock portfolio:,316,jd vance has up to 250k in bitcoin jd vance net worth and stock portfolio
Red alert for Ethereum as spot ETFs shed $455m in recent weeks,5,red alert for ethereum as spot etfs shed 455m in recent weeks
I'm convinced she's alive: Where is OneCoin's Ruja Ignatova,6,im convinced shes alive where is onecoins ruja ignatova
Bukele's is facing another blow to his crypto dreams: Chivo Pets shut downs.,23,bukeles is facing another blow to his crypto dreams chivo pets shut downs
What happens when a completely legitimate business is paid in stolen crypto and stablecoins?,22,what happens when a completely legitimate business is paid in stolen crypto and stablecoins
Binance empowers users with vote-driven token listings and delistings,12,binance empowers users with votedriven token listings and delistings
Michael Saylorâ€™s Body Language Says It All During Crypto Summit,1088,michael saylors body language says it all during crypto summit
Good VPS Hosting that accepts XMR? No kyc is very ideal,26,good vps hosting that accepts xmr no kyc is very ideal
FIFA President Gianni Infantino Pitches A FIFA Coin During White House Digital Assets Summit,133,fifa president gianni infantino pitches a fifa coin during white house digital assets summit
Argentine Prosecutor Investigates President Milei and the LIBRA Scandal,19,argentine prosecutor investigates president milei and the libra scandal
SBF sent to solitary confinement over Tucker Carlson interview: Report,146,sbf sent to solitary confinement over tucker carlson interview report
"5 years ago today, the world's worst bandits broke into this Bitcoin ATM and left empty-handed. They were trying to ""get the coins out"" ðŸ’€",3499,5 years ago today the worlds worst bandits broke into this bitcoin atm and left emptyhanded they were trying to get the coins out
Whatâ€™s left,942,whats left
"Arkham adds tag for X users with over 100,000 followers to track 'key opinion leaders' in crypto",4,arkham adds tag for x users with over 100000 followers to track key opinion leaders in crypto
The crypto summit yesterday,46,the crypto summit yesterday
"Sam Bankman-Fried Lobbying For A Pardon. Also Says Diddy Has Been ""Kind"" To Him In Prison.",284,sam bankmanfried lobbying for a pardon also says diddy has been kind to him in prison
Is Crypto a Tool for the Oligarch Takeover of the USA?,1,is crypto a tool for the oligarch takeover of the usa
"US Banks can now be validators on public networks, hold crypto for customers, and hold stables",232,us banks can now be validators on public networks hold crypto for customers and hold stables
Crypto is Taking Over Sports â€” Hereâ€™s Why Itâ€™s Just the Beginning,1,crypto is taking over sports heres why its just the beginning
The Impact of Strategic Reserve (Vol. 2)..,9,the impact of strategic reserve vol 2
"Indiaâ€™s new IT bill 2025 will soon allow the govt to snoop on emails, social media, and even trading accounts! ðŸ‘€ðŸš¨",36,indias new it bill 2025 will soon allow the govt to snoop on emails social media and even trading accounts
So many people are completely missing the point of the crypto summit,45,so many people are completely missing the point of the crypto summit
New Bitcoin Proposal: Unlocking Dust UTXOs as Miner Transaction Fees,11,new bitcoin proposal unlocking dust utxos as miner transaction fees
Tax help,5,tax help
"Trump's bitcoin reserve executive order hailed as 'huge moment' by some, dismissed as 'pig in lipstick' by others",855,trumps bitcoin reserve executive order hailed as huge moment by some dismissed as pig in lipstick by others
Then and now: I decided to remaster this old comic I posted in r/cryptocurrency back in 2017. It is called 'First mover advantage'.,62,then and now i decided to remaster this old comic i posted in rcryptocurrency back in 2017 it is called first mover advantage
UAE Subsidiary of government owned bank Emirates NBD launches crypto offering,18,uae subsidiary of government owned bank emirates nbd launches crypto offering
What was the point of the crypto summit?,256,what was the point of the crypto summit
Bitcoin price and active wallet count does not correlate anymore,4,bitcoin price and active wallet count does not correlate anymore
Crypto Exchange Kraken is Mulling IPO in 2026: Bloomberg,40,crypto exchange kraken is mulling ipo in 2026 bloomberg
Thoughts on the Crypto Summit held in the White House,180,thoughts on the crypto summit held in the white house
"crypto.com believes their Community are Idiots: We need ""liquidity for ETFs"", so we're going to inflate our supply so that it's 500X higher than the supply of Bitcoin, we're totally not dumping on you or anything we need $5B-USD more in tokens that there is ""more liquidity""",233,cryptocom believes their community are idiots we need liquidity for etfs so were going to inflate our supply so that its 500x higher than the supply of bitcoin were totally not dumping on you or anything we need 5busd more in tokens that there is more liquidity
New York Proposes Legislation to Shield Crypto Investors from Memecoin Scams,21,new york proposes legislation to shield crypto investors from memecoin scams
"That moment when, the US says they're not buying BTC for their Strategic Federal Reserve and the market crashes.",6069,that moment when the us says theyre not buying btc for their strategic federal reserve and the market crashes
Lawmaker Reintroduces Anti-CBDC Surveillance State Act to Block Digital Dollar,6,lawmaker reintroduces anticbdc surveillance state act to block digital dollar
US Bitcoin reserve prompts $370 million in ETF outflows: Farside,28,us bitcoin reserve prompts 370 million in etf outflows farside
"US Could Sell Gold, Tap Treasury Funds to Build Bitcoin Reserve: Standard Chartered",0,us could sell gold tap treasury funds to build bitcoin reserve standard chartered
How Bitcoin Started - How Bitcoin Is Going,138,how bitcoin started how bitcoin is going
US regulator OCC  reaffirms banks can engage in Bitcoin & crypto services like asset custody,78,us regulator occ reaffirms banks can engage in bitcoin crypto services like asset custody
Former Georgian PMâ€™s aide flees country after Bitcoin embezzlement allegations,2,former georgian pms aide flees country after bitcoin embezzlement allegations
White House Crypto Summit Bearable Guy Riddle,0,white house crypto summit bearable guy riddle
U.S. Government accumulated now over $18 Billion in Crypto,230,us government accumulated now over 18 billion in crypto
"Bitcoinâ€™s a Picasso, XRPâ€™s the Gallery, and the Maxis Are About to Eat Their Words",0,bitcoins a picasso xrps the gallery and the maxis are about to eat their words
"US Treasury Chief: seized crypto assets would go into the reserve first ""then we'll see what the way forward is for more acquisitions""",242,us treasury chief seized crypto assets would go into the reserve first then well see what the way forward is for more acquisitions
WhiteRock leverages XRPL integration to boost speed and reliability,155,whiterock leverages xrpl integration to boost speed and reliability
Ethereum Whales Accumulate Millions of Tokens: ETH Price Surge on the Way?,175,ethereum whales accumulate millions of tokens eth price surge on the way
Let's Reboots crypto,141,lets reboots crypto
"Daily Crypto Discussion - March 8, 2025 (GMT+0)",28,daily crypto discussion march 8 2025 gmt0
"White House Has a Specific Fund for Bitcoin and Another For XRP, SOL and ADA",95,white house has a specific fund for bitcoin and another for xrp sol and ada
SBF's Crisis Manager Resigns After Surprise Jailhouse Interview,36,sbfs crisis manager resigns after surprise jailhouse interview
America Declared the Crypto Capital of the World by Crypto Rover,4,america declared the crypto capital of the world by crypto rover
White House: America Will Be the Bitcoin Superpower of the World â€“ Featured Bitcoin News,0,white house america will be the bitcoin superpower of the world featured bitcoin news
Bitcoin Staking Platform Core Seeks APAC Expansion Through Custodian Cobo,2,bitcoin staking platform core seeks apac expansion through custodian cobo
Cryptocurrency exchanges in Japan,5,cryptocurrency exchanges in japan
The surprise gambling use cases on the XAH (Xahau) network - news & opinion,0,the surprise gambling use cases on the xah xahau network news opinion
ETH is more stable than my marriage,1793,eth is more stable than my marriage
China Holds 2x More Bitcoin Than the US Right Now - Will That Last?,146,china holds 2x more bitcoin than the us right now will that last
Questions regarding coins and wallets,1,questions regarding coins and wallets
Nice,16,nice
Everyone Wants To Know About The Crypto Summit,67,everyone wants to know about the crypto summit
If youâ€™re having issues with Coinbase ensure that you take pictures of all transactions and once you liquidate crypto into cash take pictures of that too.,0,if youre having issues with coinbase ensure that you take pictures of all transactions and once you liquidate crypto into cash take pictures of that too
"To those educated on Blockchain technology/cryptocurrencies: If governments and corporations owned 90-99% of Bitcoin but it was used as a global currency, would they be able to manipulate it in a way that fucks over the working/middle class, or is it technologically safe from power corruption?",0,to those educated on blockchain technologycryptocurrencies if governments and corporations owned 9099 of bitcoin but it was used as a global currency would they be able to manipulate it in a way that fucks over the workingmiddle class or is it technologically safe from power corruption
New York bill aims to jail crypto fraudsters for up to 20 years,34,new york bill aims to jail crypto fraudsters for up to 20 years
Trump signs executive order to establish strategic bitcoin reserve,731,trump signs executive order to establish strategic bitcoin reserve
Working fast to fund the stockpile?,4,working fast to fund the stockpile
Thoughts on BinoFi?,0,thoughts on binofi
Next ATH using CBBI Report,20,next ath using cbbi report
"Today is Sam Bankman-Friedâ€™s 33rd birthday, his 2nd in prison. Since his arrest, the entire crypto market is up by over $2 trillion ðŸ’€",4082,today is sam bankmanfrieds 33rd birthday his 2nd in prison since his arrest the entire crypto market is up by over 2 trillion
"Who's ready to probably, almost, maybe... call the bottom of this slump?",0,whos ready to probably almost maybe call the bottom of this slump
Crypto accounts whose keys were stored in Lastpass may be hacked since crooks downloaded data from there a few years back. Best to update keys and consider more secure options.,11,crypto accounts whose keys were stored in lastpass may be hacked since crooks downloaded data from there a few years back best to update keys and consider more secure options
Bitcoin Bottom Signal: Dollar Index Sees Largest Weekly Drop,19,bitcoin bottom signal dollar index sees largest weekly drop
"In your opinion, is crypto's primary purpose for this administration to just launder money from foreign entities?",481,in your opinion is cryptos primary purpose for this administration to just launder money from foreign entities
Technical Analysis Trader vs People Who Buy and Forget,1150,technical analysis trader vs people who buy and forget
"U.S. payroll growth totals 151,000 in February, less than expected | CNBC",35,us payroll growth totals 151000 in february less than expected cnbc
"Largest Bitcoin Wallets Holding at Least 100 BTC Fell in One Month, Says Analytics Firm â€“ Hereâ€™s What It Means",8,largest bitcoin wallets holding at least 100 btc fell in one month says analytics firm heres what it means
"The Strategic Bitcoin Reserve is established and crypto crashes. Why this bothers me so, and why it feels like manipulation.",279,the strategic bitcoin reserve is established and crypto crashes why this bothers me so and why it feels like manipulation
Binance's CZ Supports Combining All BROCCOLI Meme Coins Into One,0,binances cz supports combining all broccoli meme coins into one
1inch suffers $5M hack due to smart contract vulnerability,28,1inch suffers 5m hack due to smart contract vulnerability
"Strategic Bitcoin Reserve Draws Fire: â€˜Nothing New,â€™ Critics Say",80,strategic bitcoin reserve draws fire nothing new critics say
Strategic Bitcoin Reserve. BULLISH!?!,3,strategic bitcoin reserve bullish
"50% of female crypto investors eye long-term gains, survey reveals",0,50 of female crypto investors eye longterm gains survey reveals
United States Housing Agency wants to launch a crypto experiment,0,united states housing agency wants to launch a crypto experiment
"FIFA shows interest in developing a FIFA token, US market in consideration",0,fifa shows interest in developing a fifa token us market in consideration
U.S. creates BTC strategic reserve and U.S. Digital asset stockpile(alts),219,us creates btc strategic reserve and us digital asset stockpilealts
Donald Trumpâ€™s crypto project netted $350mn from presidential memecoin (Financial Times),67,donald trumps crypto project netted 350mn from presidential memecoin financial times
Texas Surges in U.S. States' Race to Put Public Funds Into Crypto,36,texas surges in us states race to put public funds into crypto
Good news. No one at the meeting will properly explain the catastrophic risks of failing to migrate to NIST latest cryptography standards,19,good news no one at the meeting will properly explain the catastrophic risks of failing to migrate to nist latest cryptography standards
Someone explain the hype around this EO for me please,6,someone explain the hype around this eo for me please
